<?xml version="1.0" encoding="UTF-8"?>
<launch4jConfig>
  <dontWrapJar>false</dontWrapJar>
  <headerType>gui</headerType>
  <jar>PaymentExporter.jar</jar>
  <outfile>PaymentExporter.exe</outfile>
  <errTitle></errTitle>
  <cmdLine></cmdLine>
  <chdir>.</chdir>
  <priority>normal</priority>
  <downloadUrl>http://java.com/download</downloadUrl>
  <supportUrl></supportUrl>
  <stayAlive>false</stayAlive>
  <restartOnCrash>true</restartOnCrash>
  <manifest></manifest>
  <icon></icon>
  <classPath>
    <mainClass>com.softproject.MainForm</mainClass>
    <cp>microba.jar</cp>
    <cp>jaybird-full-2.2.7.jar</cp>
    <cp>jettison-1.3.3.jar</cp>
    <cp>PaymentExporter.jar</cp>
  </classPath>
  <jre>
    <path></path>
    <bundledJre64Bit>false</bundledJre64Bit>
    <bundledJreAsFallback>false</bundledJreAsFallback>
    <minVersion>1.4.0</minVersion>
    <maxVersion></maxVersion>
    <jdkPreference>preferJre</jdkPreference>
    <runtimeBits>64/32</runtimeBits>
  </jre>
</launch4jConfig>